open,high,low,close,volume,vwap,timestamp,transactions,otc,ny_timestamp
231.3,231.3,231.0,231.22,1460.0,231.1664,1756368000000,51,,2025-08-28 04:00:00-04:00
231.09,231.09,231.0,231.04,1139.0,231.0666,1756368060000,79,,2025-08-28 04:01:00-04:00
231.2,231.37,231.2,231.37,1450.0,231.2934,1756368120000,114,,2025-08-28 04:02:00-04:00
231.39,231.39,231.39,231.39,396.0,231.3592,1756368300000,29,,2025-08-28 04:05:00-04:00
231.32,231.32,231.32,231.32,479.0,231.3666,1756368360000,17,,2025-08-28 04:06:00-04:00
231.42,231.47,231.42,231.47,461.0,231.4275,1756368420000,19,,2025-08-28 04:07:00-04:00
231.37,231.42,231.36,231.42,1711.0,231.4023,1756368480000,32,,2025-08-28 04:08:00-04:00
231.48,231.48,231.45,231.45,2756.0,231.4521,1756368540000,18,,2025-08-28 04:09:00-04:00
231.5,231.53,231.5,231.5,1045.0,231.518,1756368720000,32,,2025-08-28 04:12:00-04:00
231.53,231.53,231.5,231.53,1562.0,231.5191,1756368840000,41,,2025-08-28 04:14:00-04:00
231.51,231.51,231.44,231.44,1045.0,231.4757,1756369080000,48,,2025-08-28 04:18:00-04:00
231.39,231.43,231.36,231.43,1178.0,231.3993,1756369140000,39,,2025-08-28 04:19:00-04:00
231.47,231.47,231.46,231.46,672.0,231.4657,1756369200000,19,,2025-08-28 04:20:00-04:00
231.47,231.47,231.47,231.47,781.0,231.4768,1756369260000,19,,2025-08-28 04:21:00-04:00
231.6,231.6,231.6,231.6,1218.0,231.6097,1756369320000,61,,2025-08-28 04:22:00-04:00
231.6,231.6,231.6,231.6,2130.0,231.5918,1756369500000,20,,2025-08-28 04:25:00-04:00
231.45,231.45,231.45,231.45,587.0,231.4604,1756369560000,21,,2025-08-28 04:26:00-04:00
231.49,231.49,231.47,231.47,783.0,231.4817,1756369620000,31,,2025-08-28 04:27:00-04:00
231.48,231.48,231.48,231.48,166.0,231.4827,1756369680000,9,,2025-08-28 04:28:00-04:00
231.47,231.47,231.35,231.35,1366.0,231.4354,1756369800000,52,,2025-08-28 04:30:00-04:00
231.44,231.44,231.44,231.44,101.0,231.4402,1756370040000,2,,2025-08-28 04:34:00-04:00
231.44,231.44,231.38,231.38,437.0,231.4043,1756370160000,19,,2025-08-28 04:36:00-04:00
231.43,231.43,231.43,231.43,175.0,231.4303,1756370460000,5,,2025-08-28 04:41:00-04:00
231.36,231.36,231.36,231.36,393.0,231.3971,1756370580000,21,,2025-08-28 04:43:00-04:00
231.42,231.42,231.42,231.42,221.0,231.4297,1756370640000,4,,2025-08-28 04:44:00-04:00
231.45,231.46,231.45,231.46,561.0,231.4573,1756370700000,13,,2025-08-28 04:45:00-04:00
231.44,231.44,231.44,231.44,462.0,231.443,1756370940000,17,,2025-08-28 04:49:00-04:00
231.45,231.45,231.36,231.36,1522.0,231.4054,1756371000000,45,,2025-08-28 04:50:00-04:00
231.25,231.25,231.25,231.25,253.0,231.2499,1756371300000,6,,2025-08-28 04:55:00-04:00
231.21,231.21,231.21,231.21,609.0,231.2242,1756371360000,21,,2025-08-28 04:56:00-04:00
231.23,231.25,231.23,231.25,767.0,231.2371,1756371960000,14,,2025-08-28 05:06:00-04:00
231.26,231.26,231.26,231.26,394.0,231.2608,1756372080000,6,,2025-08-28 05:08:00-04:00
231.26,231.26,231.26,231.26,597.0,231.2664,1756372140000,19,,2025-08-28 05:09:00-04:00
231.23,231.23,231.23,231.23,789.0,231.2334,1756372380000,14,,2025-08-28 05:13:00-04:00
231.3,231.3,231.3,231.3,703.0,231.2805,1756372440000,26,,2025-08-28 05:14:00-04:00
231.23,231.23,231.23,231.23,281.0,231.223,1756372620000,13,,2025-08-28 05:17:00-04:00
231.24,231.24,231.24,231.24,330.0,231.237,1756373160000,4,,2025-08-28 05:26:00-04:00
231.3,231.38,231.3,231.38,1000.0,231.3228,1756373760000,26,,2025-08-28 05:36:00-04:00
231.34,231.34,231.34,231.34,136.0,231.3418,1756373940000,4,,2025-08-28 05:39:00-04:00
231.28,231.28,231.28,231.28,206.0,231.2812,1756374060000,7,,2025-08-28 05:41:00-04:00
231.31,231.31,231.31,231.31,241.0,231.31,1756374120000,6,,2025-08-28 05:42:00-04:00
231.3,231.3,231.3,231.3,256.0,231.304,1756374180000,7,,2025-08-28 05:43:00-04:00
231.29,231.29,231.29,231.29,184.0,231.2926,1756374240000,11,,2025-08-28 05:44:00-04:00
231.25,231.25,231.25,231.25,552.0,231.2511,1756374420000,19,,2025-08-28 05:47:00-04:00
231.21,231.21,231.2,231.2,875.0,231.2074,1756375320000,20,,2025-08-28 06:02:00-04:00
231.2,231.22,231.2,231.2,4682.0,231.2057,1756375860000,57,,2025-08-28 06:11:00-04:00
231.19,231.19,231.19,231.19,213.0,231.1902,1756376040000,10,,2025-08-28 06:14:00-04:00
231.27,231.27,231.27,231.27,512.0,231.2559,1756377360000,12,,2025-08-28 06:36:00-04:00
231.21,231.21,231.2,231.2,587.0,231.1921,1756377600000,36,,2025-08-28 06:40:00-04:00
231.17,231.22,231.17,231.18,1400.0,231.1926,1756377780000,28,,2025-08-28 06:43:00-04:00
231.1,231.1,231.1,231.1,256.0,231.1182,1756377840000,36,,2025-08-28 06:44:00-04:00
231.11,231.11,231.11,231.11,584.0,231.1104,1756377900000,18,,2025-08-28 06:45:00-04:00
231.2,231.2,231.2,231.2,128.0,231.1992,1756378080000,5,,2025-08-28 06:48:00-04:00
231.09,231.09,231.09,231.09,455.0,231.0853,1756378260000,38,,2025-08-28 06:51:00-04:00
231.17,231.17,231.17,231.17,763.0,231.1649,1756378800000,29,,2025-08-28 07:00:00-04:00
231.0,231.0,231.0,231.0,2581.0,230.996,1756379160000,101,,2025-08-28 07:06:00-04:00
230.95,230.95,230.95,230.95,708.0,230.9482,1756379400000,25,,2025-08-28 07:10:00-04:00
230.99,231.0,230.99,231.0,991.0,230.9931,1756379640000,29,,2025-08-28 07:14:00-04:00
230.9,230.9,230.9,230.9,821.0,230.9039,1756380300000,20,,2025-08-28 07:25:00-04:00
230.89,230.89,230.89,230.89,287.0,230.89,1756381020000,12,,2025-08-28 07:37:00-04:00
230.88,230.88,230.88,230.88,1404.0,230.8797,1756381080000,41,,2025-08-28 07:38:00-04:00
230.9,230.9,230.9,230.9,440.0,230.898,1756381260000,15,,2025-08-28 07:41:00-04:00
230.91,230.91,230.91,230.91,658.0,230.9278,1756381380000,16,,2025-08-28 07:43:00-04:00
230.92,230.92,230.92,230.92,130.0,230.9185,1756381500000,4,,2025-08-28 07:45:00-04:00
230.94,230.94,230.94,230.94,121.0,230.94,1756381620000,2,,2025-08-28 07:47:00-04:00
230.94,230.94,230.94,230.94,602.0,230.9575,1756381740000,19,,2025-08-28 07:49:00-04:00
230.94,230.94,230.94,230.94,583.0,230.9434,1756381800000,16,,2025-08-28 07:50:00-04:00
230.98,230.98,230.98,230.98,447.0,230.9905,1756381860000,26,,2025-08-28 07:51:00-04:00
230.98,231.08,230.98,231.08,3783.0,231.0428,1756382160000,80,,2025-08-28 07:56:00-04:00
231.05,231.1,231.05,231.1,1085.0,231.0842,1756382280000,36,,2025-08-28 07:58:00-04:00
230.95,231.6,230.77,231.37,46582.0,231.1094,1756382400000,1481,,2025-08-28 08:00:00-04:00
231.13,231.13,231.12,231.13,1614.0,231.0739,1756382460000,58,,2025-08-28 08:01:00-04:00
231.14,231.14,231.14,231.14,438.0,230.9796,1756382520000,123,,2025-08-28 08:02:00-04:00
231.13,231.13,231.13,231.13,2144.0,231.1305,1756382580000,33,,2025-08-28 08:03:00-04:00
231.16,231.21,231.16,231.21,6181.0,231.2067,1756382640000,91,,2025-08-28 08:04:00-04:00
231.25,231.2765,231.21,231.21,2720.0,231.2448,1756382700000,35,,2025-08-28 08:05:00-04:00
231.2785,231.2785,231.2785,231.2785,786.0,231.254,1756382760000,25,,2025-08-28 08:06:00-04:00
231.2003,231.2003,231.2,231.2,1299.0,231.2013,1756382820000,38,,2025-08-28 08:07:00-04:00
231.2596,231.2783,231.2596,231.2783,608.0,231.2661,1756382880000,11,,2025-08-28 08:08:00-04:00
231.27,231.27,231.27,231.27,1013.0,231.2699,1756382940000,5,,2025-08-28 08:09:00-04:00
231.2063,231.25,231.1999,231.1999,1583.0,231.2043,1756383000000,33,,2025-08-28 08:10:00-04:00
231.08,231.08,231.05,231.05,1513.0,231.0719,1756383180000,34,,2025-08-28 08:13:00-04:00
231.05,231.05,231.05,231.05,939.0,231.0041,1756383300000,55,,2025-08-28 08:15:00-04:00
231.05,231.05,231.05,231.05,1093.0,231.0459,1756383360000,13,,2025-08-28 08:16:00-04:00
231.05,231.05,230.94,230.94,1632.0,231.0236,1756383420000,25,,2025-08-28 08:17:00-04:00
230.9203,230.9203,230.9203,230.9203,164.0,230.9277,1756383480000,7,,2025-08-28 08:18:00-04:00
230.92,230.92,230.92,230.92,742.0,230.9191,1756383600000,48,,2025-08-28 08:20:00-04:00
230.9589,230.9598,230.93,230.9598,1716.0,230.9443,1756383660000,21,,2025-08-28 08:21:00-04:00
230.96,231.0,230.95,231.0,928.0,230.9661,1756383720000,25,,2025-08-28 08:22:00-04:00
231.09,231.09,231.09,231.09,204.0,231.044,1756383840000,7,,2025-08-28 08:24:00-04:00
230.94,230.94,230.94,230.94,553.0,230.9417,1756383960000,17,,2025-08-28 08:26:00-04:00
230.9986,231.0,230.95,231.0,1461.0,230.9915,1756384020000,16,,2025-08-28 08:27:00-04:00
230.97,230.97,230.97,230.97,471.0,230.9623,1756384080000,19,,2025-08-28 08:28:00-04:00
230.92,231.0,230.9,231.0,1294.0,230.9279,1756384140000,34,,2025-08-28 08:29:00-04:00
231.0,231.0,231.0,231.0,5201.0,230.5284,1756384200000,34,,2025-08-28 08:30:00-04:00
230.99,231.0999,230.99,231.06,2750.0,231.043,1756384260000,93,,2025-08-28 08:31:00-04:00
230.96,231.0,230.96,231.0,906.0,230.9921,1756384320000,41,,2025-08-28 08:32:00-04:00
231.02,231.04,231.0,231.02,2201.0,231.0204,1756384380000,61,,2025-08-28 08:33:00-04:00
231.25,231.25,231.01,231.01,1413.0,231.0488,1756384440000,51,,2025-08-28 08:34:00-04:00
231.25,231.25,230.9679,230.9679,816.0,231.0853,1756384500000,27,,2025-08-28 08:35:00-04:00
231.0899,231.09,231.03,231.03,626.0,231.0654,1756384620000,18,,2025-08-28 08:37:00-04:00
231.0,231.07,230.93,230.95,1996.0,230.9725,1756384680000,70,,2025-08-28 08:38:00-04:00
230.93,231.12,230.91,231.07,4070.0,230.9599,1756384740000,92,,2025-08-28 08:39:00-04:00
230.99,231.0,230.99,231.0,665.0,231.0219,1756384800000,25,,2025-08-28 08:40:00-04:00
231.13,231.25,231.13,231.249,1380.0,231.1981,1756384860000,40,,2025-08-28 08:41:00-04:00
231.0225,231.0225,231.0225,231.0225,274.0,231.0702,1756384920000,19,,2025-08-28 08:42:00-04:00
231.2,231.2,231.07,231.07,1409.0,231.0873,1756385040000,35,,2025-08-28 08:44:00-04:00
231.0115,231.03,231.0115,231.03,1850.0,231.0263,1756385100000,48,,2025-08-28 08:45:00-04:00
231.01,231.01,230.94,230.95,7255.0,230.9898,1756385160000,79,,2025-08-28 08:46:00-04:00
230.98,230.98,230.98,230.98,298.0,231.0226,1756385220000,12,,2025-08-28 08:47:00-04:00
230.95,230.95,230.95,230.95,408.0,230.9554,1756385280000,14,,2025-08-28 08:48:00-04:00
230.98,231.1,230.98,231.08,11551.0,231.0798,1756385340000,81,,2025-08-28 08:49:00-04:00
230.98,231.0,230.9496,231.0,2805.0,230.9831,1756385400000,54,,2025-08-28 08:50:00-04:00
231.1099,231.1099,230.94,230.94,1078.0,230.9998,1756385460000,24,,2025-08-28 08:51:00-04:00
231.01,231.01,230.91,230.93,6624.0,230.9514,1756385520000,82,,2025-08-28 08:52:00-04:00
230.94,230.94,230.91,230.91,1243.0,230.9347,1756385580000,32,,2025-08-28 08:53:00-04:00
230.92,230.92,230.88,230.92,2340.0,230.9035,1756385640000,95,,2025-08-28 08:54:00-04:00
230.92,231.0,230.92,231.0,1618.0,230.9686,1756385700000,46,,2025-08-28 08:55:00-04:00
230.9398,230.94,230.9,230.9,2770.0,230.9209,1756385820000,54,,2025-08-28 08:57:00-04:00
230.94,230.94,230.9,230.92,4898.0,230.9258,1756385880000,65,,2025-08-28 08:58:00-04:00
230.9999,230.9999,230.94,230.94,2375.0,230.9581,1756385940000,27,,2025-08-28 08:59:00-04:00
230.9899,230.9899,230.97,230.97,791.0,230.9784,1756386000000,15,,2025-08-28 09:00:00-04:00
230.97,230.97,230.96,230.97,1213.0,230.9578,1756386060000,43,,2025-08-28 09:01:00-04:00
230.93,230.93,230.91,230.91,1509.0,230.9256,1756386120000,45,,2025-08-28 09:02:00-04:00
230.92,230.95,230.92,230.95,2257.0,230.9415,1756386180000,47,,2025-08-28 09:03:00-04:00
230.95,230.95,230.89,230.94,4512.0,230.9068,1756386240000,65,,2025-08-28 09:04:00-04:00
230.9999,230.9999,230.9999,230.9999,348.0,230.9844,1756386420000,16,,2025-08-28 09:07:00-04:00
230.92,230.9202,230.92,230.9202,1846.0,230.9232,1756386480000,16,,2025-08-28 09:08:00-04:00
230.99,231.0952,230.99,231.0952,2984.0,231.0128,1756386540000,68,,2025-08-28 09:09:00-04:00
231.05,231.21,231.05,231.21,4766.0,231.0966,1756386600000,93,,2025-08-28 09:10:00-04:00
231.14,231.16,231.1017,231.16,2744.0,231.149,1756386660000,67,,2025-08-28 09:11:00-04:00
231.2001,231.25,231.2,231.25,3694.0,231.2227,1756386720000,104,,2025-08-28 09:12:00-04:00
231.25,231.27,231.25,231.27,1002.0,231.2472,1756386780000,40,,2025-08-28 09:13:00-04:00
231.27,231.27,231.27,231.27,1219.0,231.2526,1756386840000,37,,2025-08-28 09:14:00-04:00
231.25,231.4,231.25,231.4,7020.0,231.3102,1756386900000,154,,2025-08-28 09:15:00-04:00
231.34,231.34,231.34,231.34,557.0,231.2987,1756386960000,28,,2025-08-28 09:16:00-04:00
231.3,231.3,231.3,231.3,1083.0,231.3096,1756387020000,49,,2025-08-28 09:17:00-04:00
231.34,231.45,231.34,231.41,7680.0,231.3904,1756387080000,138,,2025-08-28 09:18:00-04:00
231.4499,231.4986,231.43,231.46,2710.0,231.4698,1756387140000,80,,2025-08-28 09:19:00-04:00
231.4701,231.4701,231.43,231.43,4984.0,231.4579,1756387200000,38,,2025-08-28 09:20:00-04:00
231.4,231.4,231.35,231.4,4670.0,231.3787,1756387260000,42,,2025-08-28 09:21:00-04:00
231.4,231.4,231.3551,231.3551,704.0,231.3743,1756387320000,31,,2025-08-28 09:22:00-04:00
231.33,231.48,231.33,231.48,13061.0,231.431,1756387380000,217,,2025-08-28 09:23:00-04:00
231.5,231.5,231.5,231.5,1456.0,231.4939,1756387440000,95,,2025-08-28 09:24:00-04:00
231.31,231.4777,231.15,231.25,7981.0,231.2599,1756387500000,143,,2025-08-28 09:25:00-04:00
231.28,231.4,231.25,231.35,856196.0,230.496,1756387560000,83,,2025-08-28 09:26:00-04:00
231.35,231.4,230.88,231.23,20043.0,231.2086,1756387620000,242,,2025-08-28 09:27:00-04:00
231.23,231.23,230.73,230.85,33653.0,230.8914,1756387680000,297,,2025-08-28 09:28:00-04:00
230.87,230.93,230.78,230.82,20243.0,230.8741,1756387740000,145,,2025-08-28 09:29:00-04:00
230.82,230.85,229.335,229.53,934339.0,230.2927,1756387800000,12408,,2025-08-28 09:30:00-04:00
229.548,230.37,229.525,230.16,252508.0,230.1074,1756387860000,3406,,2025-08-28 09:31:00-04:00
230.15,230.5983,230.01,230.45,164014.0,230.2652,1756387920000,2385,,2025-08-28 09:32:00-04:00
230.47,230.49,230.2506,230.43,129477.0,230.3932,1756387980000,2366,,2025-08-28 09:33:00-04:00
230.45,230.83,230.43,230.715,109437.0,230.6204,1756388040000,1828,,2025-08-28 09:34:00-04:00
230.715,230.719106,230.16,230.47,142220.0,230.4425,1756388100000,2161,,2025-08-28 09:35:00-04:00
230.48,230.6001,230.33,230.375,103451.0,230.4687,1756388160000,1634,,2025-08-28 09:36:00-04:00
230.3714,230.47,230.08,230.13,137581.0,230.2965,1756388220000,2010,,2025-08-28 09:37:00-04:00
230.17,230.5,230.15,230.37,99659.0,230.334,1756388280000,1906,,2025-08-28 09:38:00-04:00
230.375,230.4527,230.24,230.2674,67957.0,230.3618,1756388340000,1456,,2025-08-28 09:39:00-04:00
230.29,230.34,230.065,230.3397,86681.0,230.1812,1756388400000,1646,,2025-08-28 09:40:00-04:00
230.3316,230.365,230.2,230.25,56724.0,230.2763,1756388460000,1211,,2025-08-28 09:41:00-04:00
230.27,230.76,230.27,230.73,92215.0,230.5661,1756388520000,1714,,2025-08-28 09:42:00-04:00
230.735,230.88,230.4,230.4,145763.0,230.7705,1756388580000,2165,,2025-08-28 09:43:00-04:00
230.4,230.46,230.2111,230.4125,114112.0,230.3301,1756388640000,1804,,2025-08-28 09:44:00-04:00
230.43,230.59,230.24,230.32,89216.0,230.4064,1756388700000,1535,,2025-08-28 09:45:00-04:00
230.32,230.6417,230.31,230.515,75874.0,230.483,1756388760000,1395,,2025-08-28 09:46:00-04:00
230.525,230.69,230.37,230.47,62222.0,230.5227,1756388820000,1210,,2025-08-28 09:47:00-04:00
230.46,230.63,230.32,230.5901,60134.0,230.4466,1756388880000,1145,,2025-08-28 09:48:00-04:00
230.6,230.6196,230.34,230.36,59100.0,230.4318,1756388940000,1188,,2025-08-28 09:49:00-04:00
230.361,230.42,229.96,230.11,140792.0,230.1594,1756389000000,2272,,2025-08-28 09:50:00-04:00
230.09,230.09,229.84,229.88,107269.0,229.9431,1756389060000,1827,,2025-08-28 09:51:00-04:00
229.88,229.91,229.67,229.89,120167.0,229.8054,1756389120000,1914,,2025-08-28 09:52:00-04:00
229.88,230.06,229.71,230.035,141171.0,229.8972,1756389180000,1499,,2025-08-28 09:53:00-04:00
230.01,230.28,229.98,230.08,81357.0,230.1344,1756389240000,1290,,2025-08-28 09:54:00-04:00
230.085,230.2399,230.04,230.22,57816.0,230.1451,1756389300000,1024,,2025-08-28 09:55:00-04:00
230.22,230.2442,229.95,229.95,85822.0,230.1223,1756389360000,1344,,2025-08-28 09:56:00-04:00
229.95,230.21,229.88,230.155,82391.0,230.0685,1756389420000,1175,,2025-08-28 09:57:00-04:00
230.155,230.3173,230.06,230.25,62722.0,230.2308,1756389480000,1036,,2025-08-28 09:58:00-04:00
230.2563,230.49,230.25,230.49,97828.0,230.3807,1756389540000,1441,,2025-08-28 09:59:00-04:00
230.44,230.53,230.25,230.28,127953.0,230.4272,1756389600000,2021,,2025-08-28 10:00:00-04:00
230.34,230.5464,230.33,230.5464,57198.0,230.4303,1756389660000,1212,,2025-08-28 10:01:00-04:00
230.52,230.6,230.4701,230.515,69504.0,230.5472,1756389720000,1302,,2025-08-28 10:02:00-04:00
230.49,230.51,230.2,230.41,146121.0,230.3714,1756389780000,2034,,2025-08-28 10:03:00-04:00
230.405,230.44,230.04,230.04,71907.0,230.1981,1756389840000,2391,,2025-08-28 10:04:00-04:00
230.05,230.42,230.01,230.361,96734.0,230.2504,1756389900000,1957,,2025-08-28 10:05:00-04:00
230.34,230.77,230.33,230.76,63452.0,230.5838,1756389960000,1329,,2025-08-28 10:06:00-04:00
230.7426,230.7995,230.61,230.635,51554.0,230.7076,1756390020000,1009,,2025-08-28 10:07:00-04:00
230.6226,230.74,230.61,230.69,45447.0,230.6845,1756390080000,1115,,2025-08-28 10:08:00-04:00
230.69,230.77,230.6,230.68,77811.0,230.6983,1756390140000,1446,,2025-08-28 10:09:00-04:00
230.67,230.78,230.59,230.62,47131.0,230.6926,1756390200000,1174,,2025-08-28 10:10:00-04:00
230.63,230.84,230.63,230.84,46673.0,230.7189,1756390260000,1157,,2025-08-28 10:11:00-04:00
230.84,230.9,230.76,230.885,75729.0,230.8342,1756390320000,1728,,2025-08-28 10:12:00-04:00
230.885,230.9,230.65,230.75,48674.0,230.7883,1756390380000,1307,,2025-08-28 10:13:00-04:00
230.77,230.87,230.59,230.69,89148.0,230.7171,1756390440000,1565,,2025-08-28 10:14:00-04:00
230.705,230.75,230.51,230.55,74798.0,230.666,1756390500000,1243,,2025-08-28 10:15:00-04:00
230.54,230.58,230.395,230.555,47616.0,230.5217,1756390560000,946,,2025-08-28 10:16:00-04:00
230.54,230.54,230.3905,230.475,90023.0,230.3156,1756390620000,899,,2025-08-28 10:17:00-04:00
230.48,230.55,230.35,230.52,43393.0,230.4471,1756390680000,896,,2025-08-28 10:18:00-04:00
230.5249,230.66,230.51,230.65,46851.0,230.5962,1756390740000,965,,2025-08-28 10:19:00-04:00
230.6235,230.7399,230.6235,230.64,52187.0,230.577,1756390800000,921,,2025-08-28 10:20:00-04:00
230.6201,230.7,230.54,230.62,50770.0,230.6375,1756390860000,1002,,2025-08-28 10:21:00-04:00
230.595,230.69,230.57,230.5765,50051.0,230.6318,1756390920000,877,,2025-08-28 10:22:00-04:00
230.56,230.58,230.45,230.52,41846.0,230.5207,1756390980000,770,,2025-08-28 10:23:00-04:00
230.53,230.55,230.434,230.535,38126.0,230.5044,1756391040000,674,,2025-08-28 10:24:00-04:00
230.52,230.575,230.33,230.36,74907.0,230.4703,1756391100000,929,,2025-08-28 10:25:00-04:00
230.355,230.485,230.3503,230.36,75742.0,230.4067,1756391160000,910,,2025-08-28 10:26:00-04:00
230.36,230.51,230.35,230.4446,42174.0,230.446,1756391220000,852,,2025-08-28 10:27:00-04:00
230.45,230.455,230.28,230.36,57406.0,230.3613,1756391280000,927,,2025-08-28 10:28:00-04:00
230.34,230.44,230.32,230.4158,43115.0,230.3773,1756391340000,823,,2025-08-28 10:29:00-04:00
230.44,230.5,230.35,230.3906,47286.0,230.4483,1756391400000,857,,2025-08-28 10:30:00-04:00
230.4276,230.56,230.4276,230.56,58052.0,230.5013,1756391460000,883,,2025-08-28 10:31:00-04:00
230.59,230.67,230.55,230.6601,69697.0,230.6035,1756391520000,851,,2025-08-28 10:32:00-04:00
230.655,230.84,230.655,230.76,56913.0,230.75,1756391580000,1131,,2025-08-28 10:33:00-04:00
230.78,230.8144,230.56,230.58,49153.0,230.686,1756391640000,836,,2025-08-28 10:34:00-04:00
230.595,230.595,230.37,230.4534,43937.0,230.4641,1756391700000,897,,2025-08-28 10:35:00-04:00
230.48,230.53,230.43,230.48,34947.0,230.4743,1756391760000,797,,2025-08-28 10:36:00-04:00
230.49,230.645,230.485,230.53,31630.0,230.5722,1756391820000,697,,2025-08-28 10:37:00-04:00
230.54,230.63,230.48,230.6184,29783.0,230.5624,1756391880000,675,,2025-08-28 10:38:00-04:00
230.64,230.78,230.6397,230.76,51766.0,230.7488,1756391940000,706,,2025-08-28 10:39:00-04:00
230.78,230.89,230.7,230.83,79650.0,230.8209,1756392000000,1179,,2025-08-28 10:40:00-04:00
230.825,230.83,230.66,230.7435,41443.0,230.7573,1756392060000,802,,2025-08-28 10:41:00-04:00
230.75,230.96,230.715,230.91,72031.0,230.8533,1756392120000,1033,,2025-08-28 10:42:00-04:00
230.92,230.99,230.8901,230.92,49878.0,230.9487,1756392180000,833,,2025-08-28 10:43:00-04:00
230.92,230.9899,230.887,230.975,61291.0,230.9495,1756392240000,878,,2025-08-28 10:44:00-04:00
230.99,231.1,230.95,231.0698,181900.0,231.0186,1756392300000,2458,,2025-08-28 10:45:00-04:00
231.07,231.445,231.05,231.415,182383.0,231.3057,1756392360000,2859,,2025-08-28 10:46:00-04:00
231.4112,231.59,231.35,231.35,131246.0,231.4731,1756392420000,2087,,2025-08-28 10:47:00-04:00
231.35,231.68,231.32,231.6182,176282.0,231.564,1756392480000,2248,,2025-08-28 10:48:00-04:00
231.64,231.65,231.37,231.44,123707.0,231.5088,1756392540000,1888,,2025-08-28 10:49:00-04:00
231.445,231.5821,231.415,231.56,53731.0,231.5116,1756392600000,1031,,2025-08-28 10:50:00-04:00
231.55,231.65,231.52,231.52,69531.0,231.5779,1756392660000,1362,,2025-08-28 10:51:00-04:00
231.49,231.72,231.47,231.68,87205.0,231.5917,1756392720000,1403,,2025-08-28 10:52:00-04:00
231.6901,231.85,231.6401,231.7835,100941.0,231.7528,1756392780000,1591,,2025-08-28 10:53:00-04:00
231.785,231.88,231.7,231.72,108197.0,231.8031,1756392840000,1568,,2025-08-28 10:54:00-04:00
231.72,231.91,231.66,231.776,86367.0,231.7844,1756392900000,1522,,2025-08-28 10:55:00-04:00
231.78,231.81,231.6,231.65,76790.0,231.722,1756392960000,1230,,2025-08-28 10:56:00-04:00
231.65,231.74,231.61,231.69,67088.0,231.6676,1756393020000,1202,,2025-08-28 10:57:00-04:00
231.6837,231.71,231.46,231.52,72316.0,231.5701,1756393080000,1246,,2025-08-28 10:58:00-04:00
231.51,231.52,231.33,231.3599,83157.0,231.4246,1756393140000,1199,,2025-08-28 10:59:00-04:00
231.36,231.43,231.25,231.4228,72748.0,231.3387,1756393200000,1076,,2025-08-28 11:00:00-04:00
231.415,231.5069,231.27,231.29,53559.0,231.3867,1756393260000,907,,2025-08-28 11:01:00-04:00
231.29,231.36,231.1424,231.2608,52933.0,231.2546,1756393320000,987,,2025-08-28 11:02:00-04:00
231.25,231.3764,231.2,231.32,30022.0,231.2913,1756393380000,647,,2025-08-28 11:03:00-04:00
231.3325,231.43,231.31,231.3276,57272.0,231.3572,1756393440000,806,,2025-08-28 11:04:00-04:00
231.32,231.325,231.16,231.22,59263.0,231.2423,1756393500000,903,,2025-08-28 11:05:00-04:00
231.24,231.3,231.13,231.1604,37775.0,231.2363,1756393560000,765,,2025-08-28 11:06:00-04:00
231.19,231.2697,231.11,231.163,49535.0,231.1826,1756393620000,680,,2025-08-28 11:07:00-04:00
231.15,231.18,231.09,231.165,31041.0,231.1344,1756393680000,671,,2025-08-28 11:08:00-04:00
231.155,231.22,231.13,231.14,35221.0,231.1671,1756393740000,664,,2025-08-28 11:09:00-04:00
231.1401,231.2216,231.135,231.21,44365.0,231.1918,1756393800000,738,,2025-08-28 11:10:00-04:00
231.205,231.35,231.18,231.305,46722.0,231.251,1756393860000,760,,2025-08-28 11:11:00-04:00
231.3,231.415,231.299,231.37,38912.0,231.3742,1756393920000,666,,2025-08-28 11:12:00-04:00
231.365,231.41,231.31,231.34,34881.0,231.3459,1756393980000,601,,2025-08-28 11:13:00-04:00
231.34,231.46,231.34,231.4201,49280.0,231.4074,1756394040000,660,,2025-08-28 11:14:00-04:00
231.4511,231.46,231.39,231.42,72336.0,231.4202,1756394100000,719,,2025-08-28 11:15:00-04:00
231.41,231.57,231.39,231.5088,73053.0,231.4932,1756394160000,1384,,2025-08-28 11:16:00-04:00
231.5099,231.57,231.475,231.54,73762.0,231.5227,1756394220000,836,,2025-08-28 11:17:00-04:00
231.54,231.57,231.37,231.56,93969.0,231.4797,1756394280000,1284,,2025-08-28 11:18:00-04:00
231.57,231.59,231.41,231.4381,36721.0,231.5023,1756394340000,660,,2025-08-28 11:19:00-04:00
231.435,231.44,231.26,231.32,58216.0,231.3415,1756394400000,860,,2025-08-28 11:20:00-04:00
231.32,231.4,231.185,231.19,42592.0,231.3151,1756394460000,830,,2025-08-28 11:21:00-04:00
231.19,231.21,231.11,231.12,33755.0,231.1638,1756394520000,687,,2025-08-28 11:22:00-04:00
231.12,231.17,231.04,231.0603,63280.0,231.1119,1756394580000,1041,,2025-08-28 11:23:00-04:00
231.05,231.08,230.945,230.955,47801.0,231.0213,1756394640000,896,,2025-08-28 11:24:00-04:00
230.95,230.9739,230.75,230.835,66344.0,230.8912,1756394700000,1056,,2025-08-28 11:25:00-04:00
230.82,230.88,230.71,230.7799,42308.0,230.817,1756394760000,813,,2025-08-28 11:26:00-04:00
230.78,230.87,230.71,230.82,36581.0,230.801,1756394820000,797,,2025-08-28 11:27:00-04:00
230.83,230.88,230.79,230.82,44745.0,230.844,1756394880000,880,,2025-08-28 11:28:00-04:00
230.81,230.9643,230.75,230.95,56765.0,230.8496,1756394940000,915,,2025-08-28 11:29:00-04:00
230.96,231.175,230.9482,231.16,94639.0,231.0882,1756395000000,1299,,2025-08-28 11:30:00-04:00
231.1649,231.35,231.135,231.19,86821.0,231.2442,1756395060000,1251,,2025-08-28 11:31:00-04:00
231.18,231.25,231.12,231.2,59953.0,231.1811,1756395120000,998,,2025-08-28 11:32:00-04:00
231.195,231.4,231.19,231.345,68006.0,231.3194,1756395180000,1092,,2025-08-28 11:33:00-04:00
231.36,231.405,231.32,231.38,45440.0,231.3692,1756395240000,831,,2025-08-28 11:34:00-04:00
231.37,231.46,231.28,231.46,57513.0,231.3979,1756395300000,841,,2025-08-28 11:35:00-04:00
231.4663,231.515,231.3101,231.35,51334.0,231.4232,1756395360000,672,,2025-08-28 11:36:00-04:00
231.3471,231.3631,231.26,231.33,26643.0,231.3266,1756395420000,569,,2025-08-28 11:37:00-04:00
231.3282,231.52,231.23,231.48,59618.0,231.3765,1756395480000,855,,2025-08-28 11:38:00-04:00
231.49,231.49,231.26,231.2897,25894.0,231.3692,1756395540000,575,,2025-08-28 11:39:00-04:00
231.29,231.4216,231.28,231.41,48159.0,231.3501,1756395600000,740,,2025-08-28 11:40:00-04:00
231.4,231.405,231.31,231.375,48861.0,231.3415,1756395660000,732,,2025-08-28 11:41:00-04:00
231.375,231.4299,231.35,231.41,29405.0,231.3857,1756395720000,560,,2025-08-28 11:42:00-04:00
231.415,231.43,231.28,231.3372,41291.0,231.3426,1756395780000,629,,2025-08-28 11:43:00-04:00
231.34,231.42,231.28,231.31,42458.0,231.3553,1756395840000,783,,2025-08-28 11:44:00-04:00
231.32,231.3685,231.29,231.305,22678.0,231.3284,1756395900000,471,,2025-08-28 11:45:00-04:00
231.32,231.39,231.32,231.375,32016.0,231.3617,1756395960000,565,,2025-08-28 11:46:00-04:00
231.38,231.4376,231.31,231.43,41898.0,231.369,1756396020000,714,,2025-08-28 11:47:00-04:00
231.42,231.5599,231.4,231.53,47708.0,231.4693,1756396080000,756,,2025-08-28 11:48:00-04:00
231.52,231.52,231.4099,231.48,31826.0,231.4733,1756396140000,606,,2025-08-28 11:49:00-04:00
231.5,231.66,231.5,231.65,65993.0,231.5962,1756396200000,950,,2025-08-28 11:50:00-04:00
231.65,231.77,231.5728,231.7485,88391.0,231.6959,1756396260000,1034,,2025-08-28 11:51:00-04:00
231.74,231.785,231.6201,231.6201,86389.0,231.7243,1756396320000,1107,,2025-08-28 11:52:00-04:00
231.635,231.6699,231.45,231.47,48758.0,231.5699,1756396380000,692,,2025-08-28 11:53:00-04:00
231.47,231.68,231.45,231.6552,49511.0,231.5381,1756396440000,861,,2025-08-28 11:54:00-04:00
231.65,231.65,231.55,231.5832,27149.0,231.5935,1756396500000,550,,2025-08-28 11:55:00-04:00
231.58,231.6599,231.55,231.6457,27800.0,231.6046,1756396560000,558,,2025-08-28 11:56:00-04:00
231.65,231.65,231.59,231.595,25370.0,231.6167,1756396620000,556,,2025-08-28 11:57:00-04:00
231.59,231.61,231.52,231.57,22772.0,231.5688,1756396680000,482,,2025-08-28 11:58:00-04:00
231.56,231.61,231.53,231.555,34753.0,231.5663,1756396740000,558,,2025-08-28 11:59:00-04:00
231.55,231.5853,231.495,231.505,33851.0,231.5426,1756396800000,577,,2025-08-28 12:00:00-04:00
231.51,231.58,231.51,231.54,27518.0,231.5437,1756396860000,506,,2025-08-28 12:01:00-04:00
231.53,231.5409,231.49,231.49,25906.0,231.5164,1756396920000,503,,2025-08-28 12:02:00-04:00
231.49,231.5,231.41,231.43,33723.0,231.4654,1756396980000,659,,2025-08-28 12:03:00-04:00
231.44,231.6,231.44,231.59,34499.0,231.5204,1756397040000,639,,2025-08-28 12:04:00-04:00
231.5901,231.62,231.53,231.56,28137.0,231.5705,1756397100000,566,,2025-08-28 12:05:00-04:00
231.57,231.66,231.55,231.64,40014.0,231.5963,1756397160000,683,,2025-08-28 12:06:00-04:00
231.63,231.66,231.5819,231.59,39491.0,231.6322,1756397220000,613,,2025-08-28 12:07:00-04:00
231.59,231.605,231.57,231.6,35740.0,231.5918,1756397280000,600,,2025-08-28 12:08:00-04:00
231.6,231.66,231.58,231.66,40476.0,231.6206,1756397340000,688,,2025-08-28 12:09:00-04:00
231.67,231.7,231.61,231.626,31133.0,231.6556,1756397400000,555,,2025-08-28 12:10:00-04:00
231.6184,231.67,231.61,231.645,24733.0,231.6399,1756397460000,494,,2025-08-28 12:11:00-04:00
231.65,231.69,231.63,231.64,30526.0,231.658,1756397520000,581,,2025-08-28 12:12:00-04:00
231.64,231.7,231.64,231.693164,25710.0,231.67,1756397580000,555,,2025-08-28 12:13:00-04:00
231.695,231.83,231.695,231.815,39079.0,231.7796,1756397640000,734,,2025-08-28 12:14:00-04:00
231.81,231.865,231.79,231.835,67666.0,231.8353,1756397700000,908,,2025-08-28 12:15:00-04:00
231.84,231.925,231.84,231.895,34194.0,231.8869,1756397760000,709,,2025-08-28 12:16:00-04:00
231.895,231.915,231.81,231.845,40823.0,231.8527,1756397820000,698,,2025-08-28 12:17:00-04:00
231.8441,231.95,231.8441,231.855,62895.0,231.8956,1756397880000,1030,,2025-08-28 12:18:00-04:00
231.86,231.9301,231.8594,231.87,29179.0,231.895,1756397940000,606,,2025-08-28 12:19:00-04:00
231.890758,231.9565,231.89,231.9399,36550.0,231.9285,1756398000000,667,,2025-08-28 12:20:00-04:00
231.93,232.06,231.89,232.0,289898.0,231.9957,1756398060000,3473,,2025-08-28 12:21:00-04:00
232.0,232.01,231.915,231.915,59566.0,231.959,1756398120000,747,,2025-08-28 12:22:00-04:00
231.9142,231.915,231.815,231.88,50567.0,231.8584,1756398180000,698,,2025-08-28 12:23:00-04:00
231.89,231.9546,231.865,231.9287,67930.0,231.9006,1756398240000,649,,2025-08-28 12:24:00-04:00
231.925,232.04,231.905,232.0384,51515.0,231.9746,1756398300000,799,,2025-08-28 12:25:00-04:00
232.04,232.1399,232.015,232.12,87434.0,232.0897,1756398360000,1142,,2025-08-28 12:26:00-04:00
232.12,232.14,232.08,232.08,78525.0,232.1172,1756398420000,927,,2025-08-28 12:27:00-04:00
232.085,232.355,232.085,232.2401,182588.0,232.2505,1756398480000,1939,,2025-08-28 12:28:00-04:00
232.25,232.29,232.21,232.29,48128.0,232.2447,1756398540000,821,,2025-08-28 12:29:00-04:00
232.28,232.37,232.2,232.215,270796.0,232.2659,1756398600000,1501,,2025-08-28 12:30:00-04:00
232.215,232.26,232.15,232.2016,75761.0,232.2096,1756398660000,1033,,2025-08-28 12:31:00-04:00
232.191,232.265,232.15,232.265,94355.0,232.1831,1756398720000,1165,,2025-08-28 12:32:00-04:00
232.2654,232.2654,232.19,232.19,36743.0,232.2362,1756398780000,637,,2025-08-28 12:33:00-04:00
232.19,232.2,232.08,232.09,50986.0,232.1487,1756398840000,751,,2025-08-28 12:34:00-04:00
232.1009,232.16,232.08,232.13,53280.0,232.1194,1756398900000,788,,2025-08-28 12:35:00-04:00
232.131,232.23,232.1,232.2,58075.0,232.1669,1756398960000,853,,2025-08-28 12:36:00-04:00
232.2147,232.34,232.2102,232.33,59854.0,232.2869,1756399020000,868,,2025-08-28 12:37:00-04:00
232.33,232.455,232.3184,232.44,77921.0,232.3795,1756399080000,965,,2025-08-28 12:38:00-04:00
232.4416,232.47,232.42,232.445,73329.0,232.4435,1756399140000,815,,2025-08-28 12:39:00-04:00
232.44,232.5,232.41,232.4186,96209.0,232.4464,1756399200000,972,,2025-08-28 12:40:00-04:00
232.4149,232.4165,232.34,232.39,63834.0,232.3853,1756399260000,925,,2025-08-28 12:41:00-04:00
232.3977,232.445,232.33,232.36,41605.0,232.3845,1756399320000,734,,2025-08-28 12:42:00-04:00
232.3601,232.41,232.34,232.395,35712.0,232.3676,1756399380000,649,,2025-08-28 12:43:00-04:00
232.395,232.4,232.3175,232.36,21884.0,232.3534,1756399440000,538,,2025-08-28 12:44:00-04:00
232.355,232.48,232.355,232.48,56745.0,232.4129,1756399500000,729,,2025-08-28 12:45:00-04:00
232.48,232.48,232.4335,232.45,44439.0,232.4546,1756399560000,696,,2025-08-28 12:46:00-04:00
232.445,232.47,232.42,232.4551,29916.0,232.4384,1756399620000,601,,2025-08-28 12:47:00-04:00
232.45,232.4782,232.365,232.3883,55836.0,232.4058,1756399680000,940,,2025-08-28 12:48:00-04:00
232.39,232.4,232.3407,232.36,21892.0,232.3715,1756399740000,534,,2025-08-28 12:49:00-04:00
232.355,232.38,232.31,232.3401,79011.0,232.3582,1756399800000,903,,2025-08-28 12:50:00-04:00
232.35,232.43,232.34,232.41,72498.0,232.3967,1756399860000,771,,2025-08-28 12:51:00-04:00
232.415,232.425,232.34,232.34,63906.0,232.409,1756399920000,713,,2025-08-28 12:52:00-04:00
232.335,232.42,232.31,232.3846,69747.0,232.3601,1756399980000,791,,2025-08-28 12:53:00-04:00
232.3886,232.445,232.3003,232.415,47606.0,232.3751,1756400040000,748,,2025-08-28 12:54:00-04:00
232.415,232.45,232.34,232.355,65131.0,232.3955,1756400100000,834,,2025-08-28 12:55:00-04:00
232.355,232.4799,232.33,232.47,56600.0,232.4152,1756400160000,828,,2025-08-28 12:56:00-04:00
232.475,232.51,232.45,232.475,71789.0,232.4889,1756400220000,1162,,2025-08-28 12:57:00-04:00
232.475,232.59,232.47,232.5301,80591.0,232.5251,1756400280000,1031,,2025-08-28 12:58:00-04:00
232.5416,232.5416,232.37,232.45,59205.0,232.4776,1756400340000,866,,2025-08-28 12:59:00-04:00
232.46,232.4607,232.39,232.43,41087.0,232.4253,1756400400000,654,,2025-08-28 13:00:00-04:00
232.43,232.5699,232.43,232.565,40591.0,232.5144,1756400460000,592,,2025-08-28 13:01:00-04:00
232.565,232.63,232.56,232.63,56725.0,232.6026,1756400520000,780,,2025-08-28 13:02:00-04:00
232.645,232.74,232.64,232.7,78968.0,232.6929,1756400580000,920,,2025-08-28 13:03:00-04:00
232.713433,232.76,232.7,232.74,47564.0,232.7349,1756400640000,644,,2025-08-28 13:04:00-04:00
232.7368,232.76,232.72,232.7499,44974.0,232.7404,1756400700000,720,,2025-08-28 13:05:00-04:00
232.745,232.7454,232.64,232.65,53268.0,232.7001,1756400760000,781,,2025-08-28 13:06:00-04:00
232.6516,232.67,232.555,232.665,76316.0,232.6342,1756400820000,934,,2025-08-28 13:07:00-04:00
232.665,232.87,232.66,232.855,86013.0,232.7614,1756400880000,1265,,2025-08-28 13:08:00-04:00
232.85,232.985,232.85,232.98,82465.0,232.9236,1756400940000,1209,,2025-08-28 13:09:00-04:00
232.99,232.99,232.91,232.935,77657.0,232.9508,1756401000000,1104,,2025-08-28 13:10:00-04:00
232.94,232.97,232.82,232.845,73570.0,232.9066,1756401060000,1086,,2025-08-28 13:11:00-04:00
232.85,232.8681,232.77,232.845,50930.0,232.8295,1756401120000,883,,2025-08-28 13:12:00-04:00
232.845,232.89,232.8,232.8565,61230.0,232.8426,1756401180000,976,,2025-08-28 13:13:00-04:00
232.855,232.88,232.73,232.805,75666.0,232.7936,1756401240000,1030,,2025-08-28 13:14:00-04:00
232.8163,233.02,232.8,232.96,167700.0,232.9745,1756401300000,2628,,2025-08-28 13:15:00-04:00
232.965,232.9943,232.945,232.97,43811.0,232.9683,1756401360000,704,,2025-08-28 13:16:00-04:00
232.96,232.9677,232.8384,232.9,50502.0,232.8869,1756401420000,815,,2025-08-28 13:17:00-04:00
232.9,232.905,232.85,232.895,51416.0,232.8837,1756401480000,701,,2025-08-28 13:18:00-04:00
232.895,232.9,232.73,232.8,46829.0,232.8089,1756401540000,687,,2025-08-28 13:19:00-04:00
232.7982,232.88,232.7982,232.88,33123.0,232.8408,1756401600000,612,,2025-08-28 13:20:00-04:00
232.87,232.9086,232.855,232.86,30679.0,232.8795,1756401660000,525,,2025-08-28 13:21:00-04:00
232.86,232.94,232.86,232.93,54025.0,232.9018,1756401720000,637,,2025-08-28 13:22:00-04:00
232.93,232.93,232.89,232.915,40526.0,232.9095,1756401780000,613,,2025-08-28 13:23:00-04:00
232.91,232.97,232.9057,232.93,28404.0,232.9384,1756401840000,523,,2025-08-28 13:24:00-04:00
232.94,232.9799,232.905,232.9416,41830.0,232.9436,1756401900000,558,,2025-08-28 13:25:00-04:00
232.94,233.08,232.94,233.04,88747.0,233.0236,1756401960000,1263,,2025-08-28 13:26:00-04:00
233.05,233.1,233.03,233.095,51460.0,233.061,1756402020000,750,,2025-08-28 13:27:00-04:00
233.095,233.12,233.03,233.03,57122.0,233.0722,1756402080000,742,,2025-08-28 13:28:00-04:00
233.041,233.05,232.97,233.0,55729.0,233.0166,1756402140000,759,,2025-08-28 13:29:00-04:00
233.01,233.125,233.0054,233.1065,55299.0,233.0682,1756402200000,986,,2025-08-28 13:30:00-04:00
233.105,233.105,233.03,233.065,44078.0,233.0638,1756402260000,723,,2025-08-28 13:31:00-04:00
233.07,233.15,233.07,233.1286,74843.0,233.1248,1756402320000,950,,2025-08-28 13:32:00-04:00
233.13,233.195,233.12,233.135,63124.0,233.1678,1756402380000,916,,2025-08-28 13:33:00-04:00
233.14,233.17,233.13,233.15,33106.0,233.149,1756402440000,563,,2025-08-28 13:34:00-04:00
233.16,233.224,233.15,233.2174,91051.0,233.1998,1756402500000,1054,,2025-08-28 13:35:00-04:00
233.21,233.225,233.14,233.1554,47460.0,233.1843,1756402560000,695,,2025-08-28 13:36:00-04:00
233.155,233.18,233.13,233.165,38324.0,233.1611,1756402620000,649,,2025-08-28 13:37:00-04:00
233.17,233.18,233.07,233.0701,43788.0,233.1461,1756402680000,726,,2025-08-28 13:38:00-04:00
233.08,233.08,232.925,232.9514,72850.0,232.9898,1756402740000,1100,,2025-08-28 13:39:00-04:00
232.9516,233.04,232.93,232.9863,44578.0,232.997,1756402800000,687,,2025-08-28 13:40:00-04:00
232.98,233.035,232.94,232.99,44785.0,232.9804,1756402860000,777,,2025-08-28 13:41:00-04:00
232.99,232.9999,232.9392,232.96,29560.0,232.9805,1756402920000,544,,2025-08-28 13:42:00-04:00
232.9669,233.091,232.96,233.0699,65912.0,233.0409,1756402980000,759,,2025-08-28 13:43:00-04:00
233.065,233.11,233.049,233.09,37322.0,233.0737,1756403040000,600,,2025-08-28 13:44:00-04:00
233.11,233.19,233.11,233.165,45612.0,233.1546,1756403100000,627,,2025-08-28 13:45:00-04:00
233.16,233.24,233.16,233.21,54775.0,233.2079,1756403160000,769,,2025-08-28 13:46:00-04:00
233.205,233.22,233.15,233.1658,30430.0,233.1793,1756403220000,458,,2025-08-28 13:47:00-04:00
233.165,233.1999,233.125,233.17,38317.0,233.1612,1756403280000,584,,2025-08-28 13:48:00-04:00
233.165,233.19,233.12,233.17,30200.0,233.1512,1756403340000,538,,2025-08-28 13:49:00-04:00
233.16,233.2,233.135,233.1974,39531.0,233.1617,1756403400000,593,,2025-08-28 13:50:00-04:00
233.19,233.295,233.18,233.29,61505.0,233.2381,1756403460000,939,,2025-08-28 13:51:00-04:00
233.3,233.335,233.2627,233.3231,41824.0,233.3057,1756403520000,794,,2025-08-28 13:52:00-04:00
233.33,233.38,233.32,233.34,45503.0,233.3465,1756403580000,737,,2025-08-28 13:53:00-04:00
233.34,233.34,233.225,233.335,61777.0,233.2993,1756403640000,735,,2025-08-28 13:54:00-04:00
233.3375,233.3375,233.21,233.22,42529.0,233.2573,1756403700000,735,,2025-08-28 13:55:00-04:00
233.24,233.32,233.2302,233.3088,25246.0,233.2898,1756403760000,474,,2025-08-28 13:56:00-04:00
233.3,233.31,233.255,233.26,33490.0,233.2854,1756403820000,532,,2025-08-28 13:57:00-04:00
233.26,233.26,233.191,233.2499,36638.0,233.2226,1756403880000,570,,2025-08-28 13:58:00-04:00
233.245,233.26,233.14,233.165,45184.0,233.2129,1756403940000,724,,2025-08-28 13:59:00-04:00
233.16,233.19,233.11,233.159,51390.0,233.15,1756404000000,725,,2025-08-28 14:00:00-04:00
233.14,233.15,233.105,233.145,37476.0,233.1279,1756404060000,662,,2025-08-28 14:01:00-04:00
233.145,233.21,233.1384,233.19,46139.0,233.1636,1756404120000,744,,2025-08-28 14:02:00-04:00
233.1808,233.23,233.13,233.215,38201.0,233.1745,1756404180000,551,,2025-08-28 14:03:00-04:00
233.215,233.37,233.21,233.334,146387.0,233.3168,1756404240000,846,,2025-08-28 14:04:00-04:00
233.335,233.36,233.27,233.285,65397.0,233.3072,1756404300000,800,,2025-08-28 14:05:00-04:00
233.285,233.3901,233.2846,233.39,43951.0,233.3442,1756404360000,701,,2025-08-28 14:06:00-04:00
233.4,233.41,233.31,233.3271,146848.0,233.3887,1756404420000,1045,,2025-08-28 14:07:00-04:00
233.32,233.32,233.22,233.225,49192.0,233.2682,1756404480000,628,,2025-08-28 14:08:00-04:00
233.225,233.238,233.15,233.16,39283.0,233.1893,1756404540000,601,,2025-08-28 14:09:00-04:00
233.15,233.165,233.0,233.01,67874.0,233.0752,1756404600000,770,,2025-08-28 14:10:00-04:00
233.004629,233.0084,232.86,232.89,93382.0,232.9392,1756404660000,1012,,2025-08-28 14:11:00-04:00
232.89,232.98,232.89,232.9557,60214.0,232.9339,1756404720000,694,,2025-08-28 14:12:00-04:00
232.95,233.12,232.95,233.1042,69960.0,233.0469,1756404780000,990,,2025-08-28 14:13:00-04:00
233.1,233.125,233.06,233.125,39031.0,233.0958,1756404840000,606,,2025-08-28 14:14:00-04:00
233.121,233.13,233.05,233.05,50897.0,233.0901,1756404900000,680,,2025-08-28 14:15:00-04:00
233.06,233.14,233.02,233.14,50734.0,233.0554,1756404960000,740,,2025-08-28 14:16:00-04:00
233.1465,233.15,233.09,233.1,48591.0,233.1243,1756405020000,746,,2025-08-28 14:17:00-04:00
233.09,233.09,233.0,233.055,39909.0,233.0347,1756405080000,654,,2025-08-28 14:18:00-04:00
233.065,233.0669,232.995,233.005,31646.0,233.0226,1756405140000,546,,2025-08-28 14:19:00-04:00
233.0,233.055,232.96,233.03,67563.0,232.9989,1756405200000,791,,2025-08-28 14:20:00-04:00
233.03,233.05,232.98,233.04,27744.0,233.0188,1756405260000,565,,2025-08-28 14:21:00-04:00
233.03,233.05,232.95,232.9584,33706.0,233.0053,1756405320000,637,,2025-08-28 14:22:00-04:00
232.9546,232.9546,232.88,232.91,38822.0,232.9062,1756405380000,650,,2025-08-28 14:23:00-04:00
232.91,232.917,232.83,232.86,53912.0,232.8574,1756405440000,703,,2025-08-28 14:24:00-04:00
232.8592,232.96,232.8501,232.96,49535.0,232.8946,1756405500000,797,,2025-08-28 14:25:00-04:00
232.96,233.02,232.96,233.0,43518.0,232.9971,1756405560000,737,,2025-08-28 14:26:00-04:00
233.0,233.07,233.0,233.05,33620.0,233.0251,1756405620000,576,,2025-08-28 14:27:00-04:00
233.055,233.0554,233.0,233.0301,28062.0,233.0237,1756405680000,607,,2025-08-28 14:28:00-04:00
233.04,233.0475,232.9131,232.92,33956.0,233.0037,1756405740000,710,,2025-08-28 14:29:00-04:00
232.92,233.0,232.8701,232.96,39688.0,232.9288,1756405800000,705,,2025-08-28 14:30:00-04:00
232.95,233.08,232.94,233.0749,42200.0,233.008,1756405860000,703,,2025-08-28 14:31:00-04:00
233.0674,233.075,233.025,233.06,38336.0,233.0484,1756405920000,662,,2025-08-28 14:32:00-04:00
233.07,233.14,233.07,233.135,41022.0,233.1115,1756405980000,658,,2025-08-28 14:33:00-04:00
233.135,233.17,233.13,233.165,58683.0,233.16,1756406040000,793,,2025-08-28 14:34:00-04:00
233.17,233.17,233.1223,233.1285,36607.0,233.1476,1756406100000,555,,2025-08-28 14:35:00-04:00
233.125,233.15,232.9809,233.0,57912.0,233.0659,1756406160000,940,,2025-08-28 14:36:00-04:00
232.99,233.0399,232.97,233.02,27991.0,233.008,1756406220000,519,,2025-08-28 14:37:00-04:00
233.02,233.023,232.95,232.985,37305.0,232.9897,1756406280000,624,,2025-08-28 14:38:00-04:00
233.0,233.07,233.0,233.02,50465.0,233.0403,1756406340000,813,,2025-08-28 14:39:00-04:00
233.03,233.03,232.98,232.985,25317.0,233.0049,1756406400000,498,,2025-08-28 14:40:00-04:00
232.98,233.0297,232.94,232.97,49371.0,232.979,1756406460000,677,,2025-08-28 14:41:00-04:00
232.97,232.99,232.88,232.9199,33689.0,232.9461,1756406520000,649,,2025-08-28 14:42:00-04:00
232.91,232.91,232.83,232.86,45735.0,232.8623,1756406580000,811,,2025-08-28 14:43:00-04:00
232.86,232.9843,232.85,232.965,31920.0,232.933,1756406640000,639,,2025-08-28 14:44:00-04:00
232.96,232.96,232.8586,232.86,32146.0,232.9139,1756406700000,656,,2025-08-28 14:45:00-04:00
232.845,232.885,232.82,232.835,31923.0,232.8493,1756406760000,628,,2025-08-28 14:46:00-04:00
232.833257,232.845,232.76,232.77,57632.0,232.8087,1756406820000,889,,2025-08-28 14:47:00-04:00
232.76,232.7869,232.69,232.74,66427.0,232.7356,1756406880000,853,,2025-08-28 14:48:00-04:00
232.74,232.805,232.69,232.7083,39148.0,232.7519,1756406940000,701,,2025-08-28 14:49:00-04:00
232.71,232.78,232.705,232.73,28181.0,232.7505,1756407000000,621,,2025-08-28 14:50:00-04:00
232.73,232.82,232.73,232.81,38927.0,232.7786,1756407060000,621,,2025-08-28 14:51:00-04:00
232.821,232.835,232.77,232.7783,30522.0,232.8049,1756407120000,605,,2025-08-28 14:52:00-04:00
232.785,232.8388,232.767,232.815,32667.0,232.8013,1756407180000,599,,2025-08-28 14:53:00-04:00
232.81,232.811,232.725,232.78,29158.0,232.7715,1756407240000,590,,2025-08-28 14:54:00-04:00
232.7837,232.82,232.72,232.78,42028.0,232.7853,1756407300000,679,,2025-08-28 14:55:00-04:00
232.78,232.87,232.77,232.87,56779.0,232.8087,1756407360000,733,,2025-08-28 14:56:00-04:00
232.88,232.97,232.865,232.879,65210.0,232.9136,1756407420000,787,,2025-08-28 14:57:00-04:00
232.88,232.94,232.86,232.9292,41659.0,232.8992,1756407480000,625,,2025-08-28 14:58:00-04:00
232.94,232.97,232.82,232.87,68483.0,232.8784,1756407540000,981,,2025-08-28 14:59:00-04:00
232.87,232.8768,232.81,232.82,41658.0,232.8399,1756407600000,726,,2025-08-28 15:00:00-04:00
232.82,232.86,232.75,232.833,63237.0,232.8001,1756407660000,1053,,2025-08-28 15:01:00-04:00
232.85,232.89,232.79,232.86,45525.0,232.856,1756407720000,701,,2025-08-28 15:02:00-04:00
232.85,232.925,232.83,232.9,30329.0,232.8739,1756407780000,561,,2025-08-28 15:03:00-04:00
232.9,232.92,232.82,232.8284,25555.0,232.8764,1756407840000,536,,2025-08-28 15:04:00-04:00
232.825,232.84,232.72,232.7778,38038.0,232.7835,1756407900000,748,,2025-08-28 15:05:00-04:00
232.7799,232.85,232.7781,232.8326,31822.0,232.805,1756407960000,505,,2025-08-28 15:06:00-04:00
232.83,232.84,232.79,232.7965,34116.0,232.8154,1756408020000,573,,2025-08-28 15:07:00-04:00
232.79,232.8315,232.78,232.8315,24865.0,232.8036,1756408080000,507,,2025-08-28 15:08:00-04:00
232.8354,232.8354,232.7882,232.8102,31990.0,232.8133,1756408140000,618,,2025-08-28 15:09:00-04:00
232.8115,232.815,232.74,232.7484,27314.0,232.7882,1756408200000,619,,2025-08-28 15:10:00-04:00
232.745,232.7716,232.71,232.77,42092.0,232.7422,1756408260000,669,,2025-08-28 15:11:00-04:00
232.76,232.8362,232.76,232.83,36840.0,232.8034,1756408320000,660,,2025-08-28 15:12:00-04:00
232.8284,232.84,232.815,232.83,28272.0,232.8257,1756408380000,595,,2025-08-28 15:13:00-04:00
232.8201,232.83,232.77,232.825,63194.0,232.7966,1756408440000,931,,2025-08-28 15:14:00-04:00
232.825,232.8598,232.76,232.85,46642.0,232.8083,1756408500000,785,,2025-08-28 15:15:00-04:00
232.84,232.96,232.81,232.93,85784.0,232.8851,1756408560000,1086,,2025-08-28 15:16:00-04:00
232.9304,233.03,232.9301,232.99,71978.0,232.9959,1756408620000,1071,,2025-08-28 15:17:00-04:00
233.0,233.02,232.97,233.02,40998.0,232.9922,1756408680000,669,,2025-08-28 15:18:00-04:00
233.02,233.03,232.98,232.98,62051.0,233.0111,1756408740000,915,,2025-08-28 15:19:00-04:00
232.98,232.9881,232.93,232.95,51740.0,232.9572,1756408800000,752,,2025-08-28 15:20:00-04:00
232.9516,233.03,232.945,232.98,89335.0,232.9864,1756408860000,1026,,2025-08-28 15:21:00-04:00
232.9899,233.0026,232.91,232.945,63781.0,232.9648,1756408920000,838,,2025-08-28 15:22:00-04:00
232.9486,233.06,232.9486,233.04,60079.0,233.0117,1756408980000,901,,2025-08-28 15:23:00-04:00
233.045,233.05,232.955,232.975,31818.0,232.9974,1756409040000,595,,2025-08-28 15:24:00-04:00
232.97,232.98,232.92,232.93,30051.0,232.9492,1756409100000,635,,2025-08-28 15:25:00-04:00
232.9205,232.935,232.85,232.89,49106.0,232.8944,1756409160000,776,,2025-08-28 15:26:00-04:00
232.87,233.0184,232.855,232.99,109943.0,232.9325,1756409220000,1415,,2025-08-28 15:27:00-04:00
232.99,233.02,232.97,232.985,54119.0,232.994,1756409280000,792,,2025-08-28 15:28:00-04:00
232.985,233.005,232.97,232.975,51217.0,232.9901,1756409340000,825,,2025-08-28 15:29:00-04:00
232.975,232.99,232.87,232.885,68086.0,232.9307,1756409400000,1231,,2025-08-28 15:30:00-04:00
232.89,232.91,232.86,232.87,58909.0,232.8912,1756409460000,790,,2025-08-28 15:31:00-04:00
232.8612,232.87,232.74,232.77,89533.0,232.82,1756409520000,1336,,2025-08-28 15:32:00-04:00
232.76,232.78,232.66,232.77,70018.0,232.7187,1756409580000,1034,,2025-08-28 15:33:00-04:00
232.78,232.85,232.77,232.82,62337.0,232.8226,1756409640000,838,,2025-08-28 15:34:00-04:00
232.82,232.83,232.745,232.745,77525.0,232.7906,1756409700000,1127,,2025-08-28 15:35:00-04:00
232.74,232.77,232.6742,232.675,54922.0,232.7294,1756409760000,896,,2025-08-28 15:36:00-04:00
232.67,232.7628,232.6404,232.7415,58041.0,232.6892,1756409820000,887,,2025-08-28 15:37:00-04:00
232.74,232.74,232.7,232.7,70128.0,232.718,1756409880000,1113,,2025-08-28 15:38:00-04:00
232.69,232.775,232.65,232.765,48775.0,232.7094,1756409940000,858,,2025-08-28 15:39:00-04:00
232.765,232.7982,232.72,232.7382,71094.0,232.757,1756410000000,1040,,2025-08-28 15:40:00-04:00
232.7301,232.79,232.715,232.735,54599.0,232.7522,1756410060000,857,,2025-08-28 15:41:00-04:00
232.7301,232.84,232.725,232.81,79432.0,232.7842,1756410120000,1138,,2025-08-28 15:42:00-04:00
232.81,232.88,232.8,232.865,50103.0,232.8493,1756410180000,923,,2025-08-28 15:43:00-04:00
232.8642,232.965,232.8642,232.965,52199.0,232.9069,1756410240000,934,,2025-08-28 15:44:00-04:00
232.97,233.0,232.86,232.86,95580.0,232.9386,1756410300000,1258,,2025-08-28 15:45:00-04:00
232.87,233.05,232.87,233.03,129073.0,232.9763,1756410360000,1546,,2025-08-28 15:46:00-04:00
233.03,233.07,233.01,233.03,71351.0,233.0417,1756410420000,1124,,2025-08-28 15:47:00-04:00
233.02,233.12,232.98,233.12,108059.0,233.0489,1756410480000,1500,,2025-08-28 15:48:00-04:00
233.12,233.16,233.06,233.075,72910.0,233.1075,1756410540000,1076,,2025-08-28 15:49:00-04:00
233.08,233.33,232.9,233.065,222297.0,233.0597,1756410600000,3280,,2025-08-28 15:50:00-04:00
233.06,233.08,232.96,232.985,152901.0,233.0186,1756410660000,2120,,2025-08-28 15:51:00-04:00
232.9854,233.09,232.94,233.0782,150602.0,233.0114,1756410720000,2198,,2025-08-28 15:52:00-04:00
233.07,233.17,233.01,233.115,153159.0,233.105,1756410780000,2199,,2025-08-28 15:53:00-04:00
233.115,233.304,233.085,233.28,262080.0,233.2156,1756410840000,2952,,2025-08-28 15:54:00-04:00
233.27,233.27,232.76,232.945,449339.0,232.8932,1756410900000,5273,,2025-08-28 15:55:00-04:00
232.945,232.9475,232.82,232.885,221993.0,232.8762,1756410960000,3035,,2025-08-28 15:56:00-04:00
232.89,232.9499,232.78,232.79,272357.0,232.8691,1756411020000,3679,,2025-08-28 15:57:00-04:00
232.79,232.82,232.7,232.7201,451802.0,232.7622,1756411080000,5124,,2025-08-28 15:58:00-04:00
232.72,232.77,232.48,232.49,1126450.0,232.6058,1756411140000,11836,,2025-08-28 15:59:00-04:00
232.56,232.65,232.4,232.65,489673.0,232.56,1756411200000,107,,2025-08-28 16:00:00-04:00
232.56,232.56,232.4,232.54,3124.0,232.5015,1756411260000,134,,2025-08-28 16:01:00-04:00
232.4,232.56,232.4,232.47,1013.0,232.4627,1756411320000,33,,2025-08-28 16:02:00-04:00
232.53,232.62,232.53,232.56,12322.0,232.5702,1756411380000,86,,2025-08-28 16:03:00-04:00
232.56,232.75,232.55,232.75,3770.0,232.6206,1756411440000,138,,2025-08-28 16:04:00-04:00
232.56,232.64,232.5317,232.5317,2837.0,232.5884,1756411500000,57,,2025-08-28 16:05:00-04:00
232.5304,232.7,232.5304,232.56,19830.0,232.5661,1756411560000,62,,2025-08-28 16:06:00-04:00
232.63,232.6971,232.63,232.6959,648.0,232.6774,1756411620000,21,,2025-08-28 16:07:00-04:00
232.66,232.6997,232.55,232.55,1099.0,232.6163,1756411680000,30,,2025-08-28 16:08:00-04:00
232.56,232.56,232.4,232.4,1659.0,232.48,1756411740000,32,,2025-08-28 16:09:00-04:00
232.55,232.65,232.46,232.46,385.0,232.5498,1756411800000,17,,2025-08-28 16:10:00-04:00
232.56,232.56,232.46,232.46,1368.0,232.5011,1756411860000,39,,2025-08-28 16:11:00-04:00
232.49,232.56,232.49,232.511,52328.0,232.5595,1756411980000,28,,2025-08-28 16:13:00-04:00
232.51,232.55,232.51,232.51,1767.0,232.5176,1756412040000,40,,2025-08-28 16:14:00-04:00
232.52,232.5499,232.46,232.49,1620.0,232.5137,1756412100000,41,,2025-08-28 16:15:00-04:00
232.44,232.46,232.44,232.46,1524.0,232.4456,1756412160000,23,,2025-08-28 16:16:00-04:00
232.48,232.5,232.46,232.46,1785.0,232.4857,1756412220000,28,,2025-08-28 16:17:00-04:00
232.46,232.4984,232.45,232.4984,864.0,232.4652,1756412340000,17,,2025-08-28 16:19:00-04:00
232.41,232.41,232.41,232.41,271.0,232.4251,1756412400000,20,,2025-08-28 16:20:00-04:00
232.42,232.42,232.42,232.42,258.0,232.4209,1756412460000,12,,2025-08-28 16:21:00-04:00
232.41,232.41,232.1784,232.1784,2208.0,232.3416,1756412520000,53,,2025-08-28 16:22:00-04:00
232.36,232.36,232.301,232.301,1727.0,232.3448,1756412640000,27,,2025-08-28 16:24:00-04:00
232.4,232.4,232.4,232.4,247.0,232.3941,1756412700000,16,,2025-08-28 16:25:00-04:00
232.4,232.4,232.4,232.4,380.0,232.4014,1756412760000,13,,2025-08-28 16:26:00-04:00
232.38,232.38,232.38,232.38,204.0,232.3868,1756412820000,13,,2025-08-28 16:27:00-04:00
232.45,232.45,232.42,232.42,432.0,232.4299,1756412880000,25,,2025-08-28 16:28:00-04:00
232.3701,232.3701,232.3701,232.3701,443.0,232.388,1756412940000,15,,2025-08-28 16:29:00-04:00
232.37,232.37,232.37,232.37,589.0,232.3779,1756413000000,24,,2025-08-28 16:30:00-04:00
232.48,232.55,232.48,232.55,868.0,232.4955,1756413060000,38,,2025-08-28 16:31:00-04:00
232.5589,232.5589,232.5589,232.5589,275.0,232.5389,1756413180000,10,,2025-08-28 16:33:00-04:00
232.292,232.292,232.292,232.292,1106.0,232.3025,1756413360000,4,,2025-08-28 16:36:00-04:00
232.5384,232.56,232.528,232.528,804.0,232.5105,1756413480000,19,,2025-08-28 16:38:00-04:00
232.46,232.46,232.46,232.46,271.0,232.4811,1756413600000,23,,2025-08-28 16:40:00-04:00
232.4539,232.4539,232.42,232.42,558.0,232.4254,1756413660000,28,,2025-08-28 16:41:00-04:00
232.4,232.4,232.4,232.4,571.0,232.3976,1756413720000,20,,2025-08-28 16:42:00-04:00
232.4017,232.44,232.4017,232.44,721.0,232.4231,1756413900000,21,,2025-08-28 16:45:00-04:00
232.4705,232.4705,232.25,232.25,1024.0,232.3036,1756413960000,24,,2025-08-28 16:46:00-04:00
232.56,232.56,232.56,232.56,14134.0,232.5589,1756414200000,14,,2025-08-28 16:50:00-04:00
232.4,232.4,232.39,232.39,372.0,232.3994,1756414260000,13,,2025-08-28 16:51:00-04:00
232.38,232.38,232.3066,232.3066,242.0,232.3498,1756414320000,14,,2025-08-28 16:52:00-04:00
232.4,232.4,232.39,232.4,1625.0,232.3938,1756414440000,41,,2025-08-28 16:54:00-04:00
232.39,232.55,232.39,232.55,4052.0,232.4518,1756414500000,58,,2025-08-28 16:55:00-04:00
232.41,232.41,232.39,232.39,1066.0,232.3995,1756414560000,28,,2025-08-28 16:56:00-04:00
232.5,232.5,232.5,232.5,514.0,232.4962,1756414620000,14,,2025-08-28 16:57:00-04:00
232.49,232.5,232.49,232.5,1879.0,232.4971,1756414800000,43,,2025-08-28 17:00:00-04:00
232.52,232.52,232.52,232.52,230.0,232.5173,1756414860000,11,,2025-08-28 17:01:00-04:00
232.51,232.51,232.51,232.51,160.0,232.5083,1756414980000,8,,2025-08-28 17:03:00-04:00
232.52,232.55,232.52,232.55,733.0,232.5373,1756415040000,24,,2025-08-28 17:04:00-04:00
232.5591,232.5591,232.5,232.5,347.0,232.5234,1756415100000,9,,2025-08-28 17:05:00-04:00
232.55,232.55,232.55,232.55,139.0,232.5479,1756415220000,21,,2025-08-28 17:07:00-04:00
232.54,232.54,232.54,232.54,358.0,232.5324,1756415280000,21,,2025-08-28 17:08:00-04:00
232.51,232.53,232.51,232.53,491.0,232.5139,1756415340000,11,,2025-08-28 17:09:00-04:00
232.55,232.55,232.55,232.55,527.0,232.5475,1756415460000,15,,2025-08-28 17:11:00-04:00
232.56,232.56,232.56,232.56,504.0,232.5583,1756415520000,9,,2025-08-28 17:12:00-04:00
232.5,232.5,232.5,232.5,234.0,232.5027,1756415580000,7,,2025-08-28 17:13:00-04:00
232.51,232.51,232.51,232.51,451.0,232.5029,1756415640000,25,,2025-08-28 17:14:00-04:00
232.51,232.51,232.51,232.51,515.0,232.5065,1756415760000,13,,2025-08-28 17:16:00-04:00
232.5017,232.5017,232.5017,232.5017,561.0,232.5061,1756415820000,9,,2025-08-28 17:17:00-04:00
232.5,232.5001,232.5,232.5001,1400.0,232.4985,1756415880000,45,,2025-08-28 17:18:00-04:00
232.51,232.51,232.51,232.51,684.0,232.506,1756416000000,28,,2025-08-28 17:20:00-04:00
232.54,232.54,232.54,232.54,238.0,232.5302,1756416060000,11,,2025-08-28 17:21:00-04:00
232.5,232.5001,232.5,232.5001,470.0,232.6168,1756416240000,29,,2025-08-28 17:24:00-04:00
232.55,232.55,232.55,232.55,245.0,232.5209,1756416420000,9,,2025-08-28 17:27:00-04:00
232.55,232.55,232.5,232.5,510.0,232.5249,1756416480000,17,,2025-08-28 17:28:00-04:00
232.45,232.45,232.45,232.45,223.0,232.424,1756416780000,7,,2025-08-28 17:33:00-04:00
232.41,232.41,232.41,232.41,332.0,232.4297,1756416900000,7,,2025-08-28 17:35:00-04:00
232.5267,232.5267,232.5267,232.5267,605.0,228.4781,1756417020000,22,,2025-08-28 17:37:00-04:00
232.55,232.56,232.53,232.55,4729.0,232.5467,1756417140000,40,,2025-08-28 17:39:00-04:00
232.55,232.67,232.55,232.67,3517.0,232.579,1756417200000,81,,2025-08-28 17:40:00-04:00
232.67,232.67,232.51,232.51,5316.0,232.655,1756417260000,23,,2025-08-28 17:41:00-04:00
232.4613,232.5,232.4613,232.5,316.0,232.4891,1756417320000,5,,2025-08-28 17:42:00-04:00
232.56,232.57,232.56,232.57,388.0,232.5488,1756417380000,15,,2025-08-28 17:43:00-04:00
232.58,232.648,232.58,232.648,763.0,232.6241,1756417800000,14,,2025-08-28 17:50:00-04:00
232.5,232.5,232.5,232.5,204.0,231.4374,1756417920000,17,,2025-08-28 17:52:00-04:00
232.462,232.6319,232.462,232.6319,751.0,229.5625,1756418100000,19,,2025-08-28 17:55:00-04:00
232.57,232.57,232.57,232.57,440.0,229.8188,1756418160000,18,,2025-08-28 17:56:00-04:00
232.58,232.58,232.58,232.58,539.0,232.5757,1756418280000,16,,2025-08-28 17:58:00-04:00
232.55,232.55,232.52,232.52,215.0,232.5338,1756418340000,11,,2025-08-28 17:59:00-04:00
232.6,232.6,232.6,232.6,298.0,232.773,1756418400000,23,,2025-08-28 18:00:00-04:00
232.56,232.56,232.56,232.56,355.0,232.5615,1756418640000,8,,2025-08-28 18:04:00-04:00
232.63,232.63,232.6228,232.6228,1172.0,232.6183,1756418700000,23,,2025-08-28 18:05:00-04:00
232.55,232.55,232.55,232.55,178.0,232.5528,1756418880000,6,,2025-08-28 18:08:00-04:00
232.6283,232.6283,232.6283,232.6283,334.0,232.5678,1756418940000,13,,2025-08-28 18:09:00-04:00
232.56,232.56,232.56,232.56,921.0,232.5599,1756419000000,15,,2025-08-28 18:10:00-04:00
232.61,232.61,232.61,232.61,132.0,232.6075,1756419060000,6,,2025-08-28 18:11:00-04:00
232.55,232.55,232.55,232.55,483.0,232.544,1756419180000,31,,2025-08-28 18:13:00-04:00
232.51,232.51,232.5,232.5,924.0,232.5037,1756419240000,19,,2025-08-28 18:14:00-04:00
232.46,232.56,232.46,232.56,572.0,232.4819,1756419420000,8,,2025-08-28 18:17:00-04:00
232.45,232.45,232.45,232.45,135.0,232.4505,1756419480000,4,,2025-08-28 18:18:00-04:00
232.45,232.45,232.45,232.45,291.0,232.4584,1756419540000,15,,2025-08-28 18:19:00-04:00
232.46,232.46,232.46,232.46,159.0,232.4938,1756419660000,9,,2025-08-28 18:21:00-04:00
232.49,232.5,232.49,232.5,466.0,232.504,1756419780000,13,,2025-08-28 18:23:00-04:00
232.54,232.54,232.54,232.54,445.0,232.5353,1756420020000,15,,2025-08-28 18:27:00-04:00
232.55,232.55,232.55,232.55,194.0,232.5268,1756420080000,5,,2025-08-28 18:28:00-04:00
232.45,232.45,232.45,232.45,796.0,232.4495,1756420140000,10,,2025-08-28 18:29:00-04:00
232.4,232.4,232.4,232.4,145.0,232.4098,1756420380000,10,,2025-08-28 18:33:00-04:00
232.53,232.54,232.42,232.42,831.0,232.4918,1756420500000,28,,2025-08-28 18:35:00-04:00
232.55,232.55,232.55,232.55,531.0,232.5457,1756420560000,9,,2025-08-28 18:36:00-04:00
232.47,232.47,232.47,232.47,305.0,232.4815,1756420680000,8,,2025-08-28 18:38:00-04:00
232.39,232.39,232.34,232.34,550.0,232.3701,1756420980000,16,,2025-08-28 18:43:00-04:00
232.37,232.54,232.37,232.37,313.0,232.4296,1756421220000,5,,2025-08-28 18:47:00-04:00
232.52,232.5399,232.52,232.5383,817.0,232.5165,1756421640000,25,,2025-08-28 18:54:00-04:00
232.54,232.54,232.52,232.54,2584.0,232.5337,1756421700000,19,,2025-08-28 18:55:00-04:00
232.42,232.42,232.42,232.42,173.0,232.4212,1756421880000,16,,2025-08-28 18:58:00-04:00
232.47,232.47,232.47,232.47,293.0,232.4735,1756422060000,8,,2025-08-28 19:01:00-04:00
232.49,232.49,232.49,232.49,212.0,232.4555,1756422240000,16,,2025-08-28 19:04:00-04:00
232.41,232.47,232.41,232.46,1411.0,232.4523,1756422420000,16,,2025-08-28 19:07:00-04:00
232.52,232.52,232.45,232.45,338.0,232.4665,1756422960000,9,,2025-08-28 19:16:00-04:00
232.52,232.52,232.52,232.52,143.0,232.4969,1756423080000,6,,2025-08-28 19:18:00-04:00
232.45,232.45,232.45,232.45,267.0,232.4498,1756423440000,9,,2025-08-28 19:24:00-04:00
232.45,232.45,232.45,232.45,352.0,232.4464,1756423620000,10,,2025-08-28 19:27:00-04:00
232.44,232.44,232.4259,232.43,573.0,232.4342,1756423740000,12,,2025-08-28 19:29:00-04:00
232.43,232.43,232.43,232.43,348.0,232.4308,1756423800000,8,,2025-08-28 19:30:00-04:00
232.43,232.43,232.43,232.43,133.0,232.4283,1756424160000,5,,2025-08-28 19:36:00-04:00
232.45,232.45,232.45,232.45,355.0,232.4475,1756424340000,17,,2025-08-28 19:39:00-04:00
232.4527,232.4527,232.4527,232.4527,568.0,232.4537,1756424700000,3,,2025-08-28 19:45:00-04:00
232.4578,232.4578,232.45,232.45,548.0,232.457,1756424760000,7,,2025-08-28 19:46:00-04:00
232.47,232.47,232.4699,232.4699,437.0,232.4607,1756425000000,7,,2025-08-28 19:50:00-04:00
232.47,232.48,232.47,232.48,1108.0,232.4768,1756425060000,7,,2025-08-28 19:51:00-04:00
232.4505,232.4505,232.4505,232.4505,524.0,232.457,1756425120000,5,,2025-08-28 19:52:00-04:00
232.46,232.4999,232.45,232.4999,2105.0,232.4624,1756425180000,5,,2025-08-28 19:53:00-04:00
232.49,232.49,232.49,232.49,317.0,232.4749,1756425240000,16,,2025-08-28 19:54:00-04:00
232.49,232.55,232.49,232.55,3805.0,232.5277,1756425300000,43,,2025-08-28 19:55:00-04:00
232.56,232.56,232.56,232.56,450.0,232.5454,1756425360000,8,,2025-08-28 19:56:00-04:00
232.52,232.52,232.52,232.52,148.0,232.5248,1756425420000,7,,2025-08-28 19:57:00-04:00
232.5598,232.56,232.53,232.56,591.0,232.5489,1756425540000,13,,2025-08-28 19:59:00-04:00
